District,Property,Type,Rent Price (S$),Sale Price (S$),Source
CBD - Raffles Place,18 Cross Street,Office,"24,288",,https://www.citicommercial.com.sg/properties/details/4676
CBD - Raffles Place,18 Robinson,"Office, Serviced Office, F&b","112,617",,https://www.citicommercial.com.sg/properties/details/3107
CBD - Raffles Place,20 Collyer Quay,Office,"11,011 - 61,152",,https://www.citicommercial.com.sg/properties/details/849
CBD - Raffles Place,21 Collyer Quay,"Office, Serviced Office","63,210 - 188,000",,https://www.citicommercial.com.sg/properties/details/4682
CBD - Raffles Place,55 Market Street,Office,"40,622 - 45,654",,https://www.citicommercial.com.sg/properties/details/2005
CBD - Raffles Place,6 Battery Road,"Office, Serviced Office","176,987",,https://www.citicommercial.com.sg/properties/details/883
CBD - Raffles Place,6 Raffles Quay,Office,"11,600",,https://www.citicommercial.com.sg/properties/details/2007
CBD - Raffles Place,8 Robinson,Office,"27,060 - 54,048",,https://www.citicommercial.com.sg/properties/details/4643
CBD - Raffles Place,AIA Tower,Office,"15,210",,https://www.citicommercial.com.sg/properties/details/3716
CBD - Raffles Place,Bank of China Building,Office,"40,301",,https://www.citicommercial.com.sg/properties/details/3602
CBD - Raffles Place,Bharat Building,Office,"15,750",,https://www.citicommercial.com.sg/properties/details/945
CBD - Raffles Place,BNI Tower,Office,"19,708 - 109,055",,https://www.citicommercial.com.sg/properties/details/4732
CBD - Raffles Place,Boat Quay Shophouses,Office,"8,000","30,000,000",https://www.citicommercial.com.sg/properties/details/4734
CBD - Raffles Place,Boat Quay Shophouses,Office,"6,620",,https://www.citicommercial.com.sg/properties/details/4736
CBD - Raffles Place,Boat Quay Shophouses,Office,"8,000 - 12,000",,https://www.citicommercial.com.sg/properties/details/4737
CBD - Raffles Place,Boat Quay Shophouses,F&b,"20,000",,https://www.citicommercial.com.sg/properties/details/4814
CBD - Raffles Place,Boat Quay Shophouses,Office,"6,565",,https://www.citicommercial.com.sg/properties/details/4818
CBD - Raffles Place,CapitaGreen,"Office, Serviced Office","289,523",,https://www.citicommercial.com.sg/properties/details/2010
CBD - Raffles Place,Capital Square,"Office, Serviced Office","37,800 - 360,000",,https://www.citicommercial.com.sg/properties/details/2041
CBD - Raffles Place,Capital Square 3,Office,"16,448 - 22,392",,https://www.citicommercial.com.sg/properties/details/2011
CBD - Raffles Place,CapitaSpring,"F&b, Serviced Office","10,335 - 48,770",,https://www.citicommercial.com.sg/properties/details/4337
CBD - Raffles Place,China Square Central Nankin Row Shophouses,"F&b/ Retail & Services, Retail & Services, F&b, Office","3,976 - 22,875",,https://www.citicommercial.com.sg/properties/details/4738
CBD - Raffles Place,Collyer Quay Centre,"Serviced Office, Office","94,300",,https://www.citicommercial.com.sg/properties/details/4622
CBD - Raffles Place,Far East Finance Building,Office,"8,592 - 10,044",,https://www.citicommercial.com.sg/properties/details/1614
CBD - Raffles Place,Far East Square Shophouses,Office,"41,776",,https://www.citicommercial.com.sg/properties/details/5080
CBD - Raffles Place,Far East Square Shophouses,Office,"5,190",,https://www.citicommercial.com.sg/properties/details/4829
CBD - Raffles Place,Far East Square Shophouses,Office,"7,696 - 14,491",,https://www.citicommercial.com.sg/properties/details/4830
CBD - Raffles Place,Grace Global Raffles,Office,"11,300 - 28,200",,https://www.citicommercial.com.sg/properties/details/2013
CBD - Raffles Place,Hong Leong Building,"F&b, Retail & Services, Office","1,548 - 24,024",,https://www.citicommercial.com.sg/properties/details/1103
CBD - Raffles Place,Manulife Tower,Office,"18,080 - 151,340",,https://www.citicommercial.com.sg/properties/details/3156
CBD - Raffles Place,MYP Centre,Office,"17,450 - 183,970",,https://www.citicommercial.com.sg/properties/details/2362
CBD - Raffles Place,OCBC Centre,"Office, Serviced Office","31,368",,https://www.citicommercial.com.sg/properties/details/2024
CBD - Raffles Place,OCBC Centre East,"Serviced Office, Office","40,260",,https://www.citicommercial.com.sg/properties/details/2046
CBD - Raffles Place,OCBC Centre South,Office,"22,330",,https://www.citicommercial.com.sg/properties/details/2021
CBD - Raffles Place,Ocean Financial Centre,"Office, Serviced Office","156,600",,https://www.citicommercial.com.sg/properties/details/2034
CBD - Raffles Place,One Finlayson Green,Office,"14,590 - 55,889",,https://www.citicommercial.com.sg/properties/details/2038
CBD - Raffles Place,One George Street,"Office, Serviced Office","321,372",,https://www.citicommercial.com.sg/properties/details/2035
CBD - Raffles Place,One Raffles Place Tower 1,"Office, Serviced Office","78,221",,https://www.citicommercial.com.sg/properties/details/930
CBD - Raffles Place,One Raffles Place Tower 2,"Serviced Office, Office","83,954",,https://www.citicommercial.com.sg/properties/details/2040
CBD - Raffles Place,PLUS,"Office, Serviced Office","138,575","2,397,300 - 35,330,400",https://www.citicommercial.com.sg/properties/details/3608
CBD - Raffles Place,Prudential Tower,Office,"19,500 - 121,594",,https://www.citicommercial.com.sg/properties/details/2014
CBD - Raffles Place,Republic Plaza 1,"Office, Serviced Office","135,225",,https://www.citicommercial.com.sg/properties/details/2042
CBD - Raffles Place,Republic Plaza 2,"Serviced Office, Office","106,568",,https://www.citicommercial.com.sg/properties/details/2047
CBD - Raffles Place,Royal Group Building,"Office, F&b/ Retail & Services","10,735 - 25,575",,https://www.citicommercial.com.sg/properties/details/1321
CBD - Raffles Place,Royal One Phillip,Office,"15,542 - 28,225",,https://www.citicommercial.com.sg/properties/details/2043
CBD - Raffles Place,Samsung Hub,"Office, F&b/ Retail & Services","9,041 - 71,882",,https://www.citicommercial.com.sg/properties/details/2028
CBD - Raffles Place,Singapore Land Tower,"Office, Serviced Office, F&b","101,980",,https://www.citicommercial.com.sg/properties/details/1123
CBD - Raffles Place,The Arcade,"Serviced Office, Office","12,000",,https://www.citicommercial.com.sg/properties/details/1423
CBD - Raffles Place,The House of Eden,Office,"27,577 - 27,670",,https://www.citicommercial.com.sg/properties/details/2049
CBD - Raffles Place,UOB Plaza 1,Office,"23,089 - 86,790",,https://www.citicommercial.com.sg/properties/details/2030
CBD - Raffles Place,UOB Plaza 2,Office,"10,175 - 88,330",,https://www.citicommercial.com.sg/properties/details/2023
Beach Road,11 Beach Road,Serviced Office,,,https://www.citicommercial.com.sg/properties/details/2358
Beach Road,Beach Centre,"Serviced Office, Office","11,255",,https://www.citicommercial.com.sg/properties/details/1555
Beach Road,DUO Tower,Office,"29,338 - 331,125",,https://www.citicommercial.com.sg/properties/details/2356
Beach Road,Gateway East,Office,"12,762 - 102,402",,https://www.citicommercial.com.sg/properties/details/7
Beach Road,Gateway West,"Office, Serviced Office","106,938",,https://www.citicommercial.com.sg/properties/details/8
Beach Road,Guoco Midtown,Office,"43,785 - 94,300",,https://www.citicommercial.com.sg/properties/details/4704
Beach Road,Shaw Tower,Office,"240,000",,https://www.citicommercial.com.sg/properties/details/4619
Beach Road,South Beach Tower,"Serviced Office, F&b, Office","50,591",,https://www.citicommercial.com.sg/properties/details/4320
Beach Road,Southbank,Serviced Office,,,https://www.citicommercial.com.sg/properties/details/4719
Beach Road,The Concourse,"Office, F&b","6,288 - 106,225",,https://www.citicommercial.com.sg/properties/details/395
Beach Road,The Plaza - Office Tower,Office,"2,700 - 22,028",,https://www.citicommercial.com.sg/properties/details/15
Beach Road,The Plaza - Retail Podium,Office/ Retail & Services,"1,525 - 4,842",,https://www.citicommercial.com.sg/properties/details/1460
Orchard Road,51 Cuppage Road,"Office, Retail & Services","3,842 - 30,480",,https://www.citicommercial.com.sg/properties/details/2269
Orchard Road,8 on Claymore,Serviced Office,,,https://www.citicommercial.com.sg/properties/details/2268
Orchard Road,Delfi Orchard,Retail & Services,,,https://www.citicommercial.com.sg/properties/details/2265
Orchard Road,Forum,"Retail & Services, Office","2,000 - 30,336",,https://www.citicommercial.com.sg/properties/details/2261
Orchard Road,Haw Par Centre,"Office, Health & Medical Care","12,910 - 81,490",,https://www.citicommercial.com.sg/properties/details/2258
Orchard Road,Haw Par Glass Tower,F&b,"19,602",,https://www.citicommercial.com.sg/properties/details/2351
Orchard Road,International Building,Office,"14,966",,https://www.citicommercial.com.sg/properties/details/2257
Orchard Road,Lucky Plaza,"Retail & Services, F&b/ Retail & Services",,"1,121,965 - 11,050,000",https://www.citicommercial.com.sg/properties/details/2255
Orchard Road,Ngee Ann City Tower B,"Serviced Office, Office","34,164",,https://www.citicommercial.com.sg/properties/details/2253
Orchard Road,Orchard Towers,Office,"2,408 - 14,630",,https://www.citicommercial.com.sg/properties/details/2246
Orchard Road,Pacific Plaza,Retail & Services,"18,666",,https://www.citicommercial.com.sg/properties/details/2343
Orchard Road,Palais Renaissance,"Retail & Services, F&b","17,294 - 30,789",,https://www.citicommercial.com.sg/properties/details/2245
Orchard Road,Paragon Tower,"Health & Medical Care/ Office, Health & Medical Care","9,260 - 33,408",,https://www.citicommercial.com.sg/properties/details/3375
Orchard Road,Shaw Centre,"Office, Serviced Office","32,959",,https://www.citicommercial.com.sg/properties/details/1349
Orchard Road,Shaw House,"Office, Serviced Office","32,382",,https://www.citicommercial.com.sg/properties/details/1352
Orchard Road,Singapore Shopping Centre,Serviced Office,,,https://www.citicommercial.com.sg/properties/details/1372
Orchard Road,Tanglin International Centre,Office,"1,400 - 2,600",,https://www.citicommercial.com.sg/properties/details/4661
Orchard Road,Thong Teck Building,"Office, Serviced Office","17,760",,https://www.citicommercial.com.sg/properties/details/2364
Orchard Road,Tripleone Somerset,"Office, Serviced Office","94,392",,https://www.citicommercial.com.sg/properties/details/1489
Orchard Road,Tudor Court Shopping Gallery,Retail & Services,"1,200 - 10,000",,https://www.citicommercial.com.sg/properties/details/2238
Orchard Road,Visioncrest Commercial,"Office, Retail & Services","70,650","6,290,830 - 61,602,600",https://www.citicommercial.com.sg/properties/details/1510
Orchard Road,Winsland House I,Office,"38,126 - 79,816",,https://www.citicommercial.com.sg/properties/details/1520
Orchard Road,Winsland House II,Office,"15,730 - 69,267",,https://www.citicommercial.com.sg/properties/details/1521
Orchard Road,Wisma Atria,"Serviced Office, Office, Health & Medical Care","27,236","2,199,600 - 8,441,000",https://www.citicommercial.com.sg/properties/details/1523
CBD - Promenade,Centennial Tower,"Serviced Office, Office","219,200",,https://www.citicommercial.com.sg/properties/details/4807
CBD - Promenade,Marina Square,Serviced Office,,,https://www.citicommercial.com.sg/properties/details/4809
CBD - Promenade,Millenia Tower,Office,"33,600 - 94,896",,https://www.citicommercial.com.sg/properties/details/4810
CBD - Promenade,Suntec City Mall,Office,,,https://www.citicommercial.com.sg/properties/details/4811
CBD - Promenade,Suntec Tower Five,Serviced Office,,,https://www.citicommercial.com.sg/properties/details/1393
CBD - Promenade,Suntec Tower Four,Office,"111,067 - 153,208",,https://www.citicommercial.com.sg/properties/details/1392
CBD - Promenade,Suntec Tower One,"Serviced Office, Office","153,802",,https://www.citicommercial.com.sg/properties/details/1394
CBD - Promenade,Suntec Tower Three,"Serviced Office, Office","51,975",,https://www.citicommercial.com.sg/properties/details/1391
CBD - Promenade,Suntec Tower Two,"Serviced Office, Office","66,063",,https://www.citicommercial.com.sg/properties/details/1395
