Sector Zone,VT,Property Name,Property Address,Proposed Used,Available Unit,Size,Gross Rate,Gross
CBD - Raffles Place,No,20 Collyer Quay,20 Collyer Quay Singapore 049319,Office,#24-05.06.07,2325.00,11.50,26737.50
CBD - Raffles Place,No,20 Collyer Quay,20 Collyer Quay Singapore 049319,Office,#19-03,1001.00,11.00,11011.00
CBD - Raffles Place,Yes,PLUS,20 Cecil Street Singapore 049705,Office,#19-03.04.05.06,4801.00,12.50,60012.50
CBD - Raffles Place,Yes,PLUS,20 Cecil Street Singapore 049705,Office,#18-01.10,10828.00,12.50,135350.00
CBD - Raffles Place,No,PLUS,20 Cecil Street Singapore 049705,Office,#17-01,1647.00,12.50,20587.50
Harbourfront,Yes,Mapletree Business City - Block 80,80 Pasir Panjang Road Singapore 117372,Office,#21-81.82,16102.00,7.50,120765.00
Harbourfront,No,Mapletree Business City - Block 80,80 Pasir Panjang Road Singapore 117372,Office,#18-83.94,15360.00,7.50,115200.00
Harbourfront,No,Mapletree Business City - Block 20W,20 Pasir Panjang Road Singapore 117439,Office,#13-27.28,17327.00,7.50,129952.50
CBD - Raffles Place,No,PLUS,20 Cecil Street Singapore 049705,Office,#12-08.09,2325.00,12.50,29062.50
CBD - Shenton Way,No,Capital Tower,168 Robinson Road Singapore 068912,Office,#13-01,9752.00,11.00,107272.00
CBD - Shenton Way,Yes,CapitaSky,79 Robinson Road Singapore 068897,Office,#08-07,2339.00,13.00,30407.00
Harbourfront,No,Mapletree Business City - Block 20E,20 Pasir Panjang Road Singapore 117439,Office,#09-23.24,9313.00,7.50,69847.50
CBD - Raffles Place,No,One Finlayson Green,1 Finlayson Green Singapore 049246,Office,#17-00,6351.00,8.80,55888.80
CBD - Raffles Place,Yes,One Finlayson Green,1 Finlayson Green Singapore 049246,Office,#14-00,6351.00,8.80,55888.80
CBD - Raffles Place,No,PLUS,20 Cecil Street Singapore 049705,Office,#11-01.02.10,1361.00,12.50,17012.50
CBD - Shenton Way,No,Capital Tower,168 Robinson Road Singapore 068912,Office,#22-01,14607.00,11.00,160677.00
CBD - Raffles Place,No,Prudential Tower,30 Cecil Street Singapore 049712,Office,#15-07.08,2621.00,11.00,28831.00
CBD - Shenton Way,No,Capital Tower,168 Robinson Road Singapore 068912,Office,#18-03,4440.00,11.00,48840.00
CBD - Raffles Place,Yes,PLUS,20 Cecil Street Singapore 049705,Office,#16-01.09,2099.00,12.50,26237.50
CBD - Shenton Way,No,Capital Tower,168 Robinson Road Singapore 068912,Office,#23-01,20763.00,11.00,228393.00
CBD - Raffles Place,Yes,PLUS,20 Cecil Street Singapore 049705,Office,#20-01,10828.00,12.50,135350.00
CBD - Shenton Way,No,SGX Centre 1,2 Shenton Way Singapore 068804,Office,#18-01.06,9720.00,9.50,92340.00
Harbourfront,No,Mapletree Business City - Block 80,80 Pasir Panjang Road Singapore 117372,Office,#23-84,12207.00,7.50,91552.50
Harbourfront,Yes,HarbourFront Tower Two,1 Harbourfront Place Singapore 098633,Office,#08-01,4273.00,7.70,32902.10
CBD - Raffles Place,No,20 Collyer Quay,20 Collyer Quay Singapore 049319,Office,#09-05,1733.00,11.20,19409.60
CBD - Shenton Way,No,SGX Centre 1,2 Shenton Way Singapore 068804,Office,#16-04,323.00,9.50,3068.50
CBD - Shenton Way,No,SGX Centre 1,2 Shenton Way Singapore 068804,Office,#17-03A,398.00,9.50,3781.00
Harbourfront,No,HarbourFront Tower One,1 Harbourfront Place Singapore 098633,Office,#04-11.12,10484.00,8.20,85968.80
CBD - Shenton Way,No,135 Cecil Street,135 Cecil Street Singapore 069536,Office,#05-01,2371.02,7.30,17308.45
North,No,Admirax,8 Admiralty Street Singapore 757438,Office,#04-12,2195.86,2.50,5489.65
North,No,Admirax,8 Admiralty Street Singapore 757438,Office,#05-05,1765.30,2.50,4413.25
CBD - Raffles Place,No,20 Collyer Quay,20 Collyer Quay Singapore 049319,Office,#23-03.04,2034.00,13.30,27052.20
CBD - Shenton Way,Yes,80 Robinson Road,80 Robinson Road Singapore 068898,Office,#02-00,14628.00,8.50,124338.00
CBD - Raffles Place,No,18 Robinson,18 Robinson Road Singapore 048547,Office,#19-01,4682.00,13.50,63207.00
CBD - Raffles Place,No,18 Robinson,18 Robinson Road Singapore 048547,Office,#23-01.02,8342.00,13.50,112617.00
CBD - Shenton Way,Yes,Keck Seng Tower,133 Cecil Street Singapore 069535,Office,#16-01.01A,2144.00,7.20,15436.80
CBD - Shenton Way,Yes,Keck Seng Tower,133 Cecil Street Singapore 069535,Office,#13-02.02A,2636.00,7.50,19770.00
CBD - Shenton Way,Yes,Keck Seng Tower,133 Cecil Street Singapore 069535,Office,#13-01,989.00,7.20,7120.80
CBD - Shenton Way,No,Keck Seng Tower,133 Cecil Street Singapore 069535,Office,#09-01B,1431.00,7.20,10303.20
CBD - Shenton Way,Yes,Keck Seng Tower,133 Cecil Street Singapore 069535,Office,#08-03,1347.00,7.50,10102.50
Harbourfront,No,mTower,460 Alexandra Road Singapore 119963,Office,#28-02,1938.00,7.80,15116.40
CBD - Shenton Way,Yes,80 Robinson Road,80 Robinson Road Singapore 068898,Office,#11-02,3993.00,8.50,33940.50
North,No,Admirax,8 Admiralty Street Singapore 757438,Office,#05-11,8729.60,2.50,21824.00
Harbourfront,No,mTower,460 Alexandra Road Singapore 119963,Office,#26-03,3627.00,7.80,28290.60
Harbourfront,No,mTower,460 Alexandra Road Singapore 119963,Office,#12-01.06,15651.00,7.80,122077.80
North,No,Admirax,8 Admiralty Street Singapore 757438,Office,#07-11,8697.31,2.50,21743.28
North,No,Admirax,8 Admiralty Street Singapore 757438,Office,#07-05,1765.30,2.50,4413.25
North,No,Admirax,8 Admiralty Street Singapore 757438,Office,#06-06,3067.74,2.50,7669.35
CBD - Shenton Way,No,80 Robinson Road,80 Robinson Road Singapore 068898,Office,#18-01,4769.00,8.50,40536.50
CBD - City Hall,Yes,Raffles City Tower,250 North Bridge Road Singapore 179101,Office,#10-01.02,5974.02,13.50,80649.27
North,No,Admirax,8 Admiralty Street Singapore 757438,Office,#05-12,2195.86,2.50,5489.65
CBD - Shenton Way,No,135 Cecil Street,135 Cecil Street Singapore 069536,Office,#05-02,3430.59,7.30,25043.31
CBD - Shenton Way,Yes,80 Robinson Road,80 Robinson Road Singapore 068898,Office,#23-02.03,8805.00,8.50,74842.50
CBD - Raffles Place,Yes,PLUS,20 Cecil Street Singapore 049705,Office,#21-00,10828.00,12.50,135350.00
CBD - Shenton Way,Yes,80 Robinson Road,80 Robinson Road Singapore 068898,Office,#19-01,3154.00,8.50,26809.00
CBD - Raffles Place,Yes,6 Battery Road,6 Battery Road Singapore 049909,Office,#12-03,1550.00,13.50,20925.00
Harbourfront,No,mTower,460 Alexandra Road Singapore 119963,Office,#11-02.03,5307.00,7.80,41394.60
Harbourfront,No,Mapletree Business City - Block 80,80 Pasir Panjang Road Singapore 117372,Office,#24-83.84,16853.00,7.50,126397.50
North,No,Admirax,8 Admiralty Street Singapore 757438,Office,#02-06,10139.69,2.80,28391.13
North,No,Admirax,8 Admiralty Street Singapore 757438,Office,#02-04,4273.31,2.80,11965.27
CBD - Raffles Place,No,Boat Quay Shophouses,25 Lorong Telok Singapore 049037,Office,25 #02-01,614.00,5.00,3070.00
CBD - Raffles Place,No,Boat Quay Shophouses,63 Circular Road Singapore 049417,Office,63 #02-01,538.00,5.00,2690.00
CBD - Raffles Place,No,Boat Quay Shophouses,66 Circular Road Singapore 049420,Office,66 #02-01,732.00,5.00,3660.00
CBD - Tanjong Pagar,No,78 Shenton Way Tower 2,78 Shenton Way Singapore 079120,Office,#08-16.17,4263.00,9.80,41777.40
CBD - Tanjong Pagar,No,78 Shenton Way Tower 1,78 Shenton Way Singapore 079120,Office,#24-02,4069.00,8.50,34586.50
CBD - Tanjong Pagar,No,78 Shenton Way Tower 1,78 Shenton Way Singapore 079120,Office,#24-01A,1841.00,8.50,15648.50
CBD - Tanjong Pagar,No,78 Shenton Way Tower 1,78 Shenton Way Singapore 079120,Office,#24-01,4155.00,8.00,33240.00
Bukit Timah Road,No,Boon Siew Building,75 Bukit Timah Road Singapore 229833,Office,#05-15.16,1158.00,5.50,6369.00
Bukit Timah Road,No,Boon Siew Building,75 Bukit Timah Road Singapore 229833,Office,#05-25,316.00,5.50,1738.00
CBD - Tanjong Pagar,No,78 Shenton Way Tower 1,78 Shenton Way Singapore 079120,Office,#16-04,1475.00,8.50,12537.50
East,No,Katong Shopping Centre,865 Mountbatten Road Singapore 437844,Office,#06-06,484.00,3.80,1839.20
CBD - Tanjong Pagar,No,Craig Road Shophouses,48 Craig Road Singapore 089686,Office,48,5500.00,0.00,0.00
CBD - Tanjong Pagar,No,Duxton Road Shophouses,13 Duxton Hill Singapore 089597,Office,13 #02,1100.00,7.27,8000.00
CBD - Tanjong Pagar,No,Tras Street Shophouses,76 Tras Street Singapore 079015,Office,76A #02,1700.00,8.53,14500.00
CBD - Tanjong Pagar,No,Tras Street Shophouses,72 Tras Street Singapore 079011,Office,72A #02,2000.00,8.00,16000.00
CBD - Tanjong Pagar,No,Tras Street Shophouses,72 Tras Street Singapore 079011,Office,72A #03,2500.00,7.50,18750.00
CBD - Tanjong Pagar,No,Tras Street Shophouses,60 Tras Street Singapore 078999,Office,60B #03,1200.00,7.92,9500.00
CBD - Tanjong Pagar,No,Tras Street Shophouses,64 Tras Street Singapore 079003,Office,64A #02,1800.00,8.06,14500.00
CBD - Tanjong Pagar,No,Duxton Road Shophouses,16 Duxton Hill Singapore 089599,Office,16A #02,1500.00,8.33,12500.00
Harbourfront,No,Mapletree Business City - Block 10,10 Pasir Panjang Road Singapore 117438,Office,#17-01.02,26668.00,7.50,200010.00
Harbourfront,No,Mapletree Business City - Block 10,10 Pasir Panjang Road Singapore 117438,Office,#18-01.02,26668.00,7.50,200010.00
North,No,Admirax,8 Admiralty Street Singapore 757438,Office,#04-10,17652.96,2.50,44132.40
Bukit Timah Road,Yes,Boon Siew Building,75 Bukit Timah Road Singapore 229833,Office,#06-14,970.00,5.70,5529.00
East,No,Katong Shopping Centre,865 Mountbatten Road Singapore 437844,Office,#05-21,441.00,3.80,1675.80
East,No,Katong Shopping Centre,865 Mountbatten Road Singapore 437844,Office,#05-01,1012.00,3.80,3845.60
CBD - City Hall,Yes,Singapore Chinese Chamber of Commerce and Industry Building,47 Hill Street Singapore 179365,Office,#07-02,3185.00,8.50,27072.50
East,No,Katong Shopping Centre,865 Mountbatten Road Singapore 437844,Office,#01-77,409.00,3.80,1554.20
CBD - Raffles Place,No,6 Battery Road,6 Battery Road Singapore 049909,Office,#11-01,1615.00,13.50,21802.50
CBD - City Hall,No,Odeon Towers,331 North Bridge Road Singapore 188720,Office,#11-02,1735.00,9.00,15615.00
CBD - City Hall,Yes,Odeon Towers,331 North Bridge Road Singapore 188720,Office,#05-01.02,2303.00,9.00,20727.00
CBD - City Hall,No,Odeon Towers,331 North Bridge Road Singapore 188720,Office,#10-04.05,1528.00,9.00,13752.00
CBD - City Hall,No,Odeon Towers,331 North Bridge Road Singapore 188720,Office,#11-01,1528.00,9.00,13752.00
Bukit Timah Road,No,Boon Siew Building,75 Bukit Timah Road Singapore 229833,Office,#06-18,545.00,5.50,2997.50
CBD - Tanjong Pagar,No,78 Shenton Way Tower 1,78 Shenton Way Singapore 079120,Office,#23-01,10590.00,8.50,90015.00
CBD - Tanjong Pagar,No,78 Shenton Way Tower 1,78 Shenton Way Singapore 079120,Office,#15-03,2895.00,8.50,24607.50
CBD - Shenton Way,No,135 Cecil Street,135 Cecil Street Singapore 069536,Office,#09-02,829.00,5.90,4891.10
Beach Road,No,Gateway East,152 Beach Road Singapore 189721,Office,#13-02.03,1942.00,9.00,17478.00
Beach Road,No,Guoco Midtown,128 Beach Road Singapore 189773,Office,#14-02,2486.00,14.80,36792.80
Beach Road,Yes,Guoco Midtown,128 Beach Road Singapore 189773,Office,#02-01,4715.00,20.00,94300.00
Beach Road,No,Gateway West,150 Beach Road Singapore 189720,Office,#30-01.08,11644.00,9.00,104796.00
Beach Road,No,Gateway West,150 Beach Road Singapore 189720,Office,#26-01.08,11882.00,9.00,106938.00
Beach Road,No,Gateway West,150 Beach Road Singapore 189720,Office,#27-01.04,6359.00,9.00,57231.00
Beach Road,No,Gateway West,150 Beach Road Singapore 189720,Office,#27-08,1400.00,9.00,12600.00
Beach Road,No,Gateway West,150 Beach Road Singapore 189720,Office,#25-03,1648.00,9.00,14832.00
Beach Road,No,Gateway West,150 Beach Road Singapore 189720,Office,#18-08,1364.00,9.00,12276.00
Beach Road,No,Gateway West,150 Beach Road Singapore 189720,Office,#03-01.08,11429.00,9.00,102861.00
Beach Road,No,Gateway East,152 Beach Road Singapore 189721,Office,#19-06.07,2240.00,9.00,20160.00
Beach Road,Yes,Gateway East,152 Beach Road Singapore 189721,Office,#13-01,1685.00,9.00,15165.00
CBD - Raffles Place,No,18 Robinson,18 Robinson Road Singapore 048547,Office,#01-01,2700.00,15.00,40500.00
Beach Road,No,Gateway East,152 Beach Road Singapore 189721,Office,#11-01,2157.00,9.00,19413.00
Beach Road,Yes,Gateway East,152 Beach Road Singapore 189721,Office,#06-05,1575.00,9.00,14175.00
Beach Road,No,Gateway East,152 Beach Road Singapore 189721,Office,#05-01.02,2787.00,9.00,25083.00
Beach Road,Yes,Gateway East,152 Beach Road Singapore 189721,Office,#04-05,1856.00,9.00,16704.00
Beach Road,No,Gateway East,152 Beach Road Singapore 189721,Office,#03-05.07,3103.00,9.00,27927.00
Beach Road,Yes,Gateway East,152 Beach Road Singapore 189721,Office,#02-05,1418.00,9.00,12762.00
East,No,Katong Shopping Centre,865 Mountbatten Road Singapore 437844,Office,#01-41A,65.00,10.00,650.00
River Valley,Yes,Kings Centre,390 Havelock Road Singapore 169662,Office,#06-04,1421.00,9.20,13073.20
Harbourfront,No,Mapletree Business City - Block 20W,20 Pasir Panjang Road Singapore 117439,Office,#04-25,3897.00,7.50,29227.50
CBD - Tanjong Pagar,No,78 Shenton Way Tower 1,78 Shenton Way Singapore 079120,Office,#15-01A,2390.00,8.50,20315.00
East,No,Geylang Road Shophouses,736 Geylang Road Singapore 389647,Office,736B #03,969.00,3.50,3391.50
CBD - Tanjong Pagar,No,78 Shenton Way Tower 1,78 Shenton Way Singapore 079120,Office,#14-01,4682.00,8.50,39797.00
CBD - Tanjong Pagar,No,78 Shenton Way Tower 1,78 Shenton Way Singapore 079120,Office,#12-01,9989.00,8.50,84906.50
CBD - Tanjong Pagar,Yes,78 Shenton Way Tower 1,78 Shenton Way Singapore 079120,Office,#11-03,1550.00,8.00,12400.00
CBD - Tanjong Pagar,No,78 Shenton Way Tower 1,78 Shenton Way Singapore 079120,Office,#10-01.02.03,9989.00,8.50,84906.50
CBD - Tanjong Pagar,No,78 Shenton Way Tower 1,78 Shenton Way Singapore 079120,Office,#09-02,2766.00,8.50,23511.00
CBD - Tanjong Pagar,No,78 Shenton Way Tower 1,78 Shenton Way Singapore 079120,Office,#07-03,1550.00,8.00,12400.00
CBD - Tanjong Pagar,No,78 Shenton Way Tower 1,78 Shenton Way Singapore 079120,Office,#05-01,2056.00,8.00,16448.00
CBD - Tanjong Pagar,Yes,78 Shenton Way Tower 1,78 Shenton Way Singapore 079120,Office,#04-02,3993.00,8.00,31944.00
Harbourfront,Yes,HarbourFront Tower Two,1 Harbourfront Place Singapore 098633,Office,#10-01.04,10893.00,7.70,83876.10
East,No,Geylang Road Shophouses,712B Geylang Road Singapore 389627,Office,712B #03,1119.00,3.50,3916.50
CBD - Shenton Way,No,BEA Building,60 Robinson Road Singapore 068892,Office,#14-01,2905.00,8.50,24692.50
Harbourfront,No,Mapletree Business City - Block 20W,20 Pasir Panjang Road Singapore 117439,Office,#10-25.28,34541.00,7.50,259057.50
CBD - Shenton Way,No,BEA Building,60 Robinson Road Singapore 068892,Office,#12-02,2561.00,8.50,21768.50
Harbourfront,No,mTower,460 Alexandra Road Singapore 119963,Office,#08-03,3552.00,7.80,27705.60
Harbourfront,No,mTower,460 Alexandra Road Singapore 119963,Office,#06-01,13993.00,7.80,109145.40
CBD - Raffles Place,No,21 Collyer Quay,21 Collyer Quay Singapore 049320,Office,#B1,6321.00,10.00,63210.00
CBD - Raffles Place,No,One Finlayson Green,1 Finlayson Green Singapore 049246,Office,#12-02,2476.00,8.80,21788.80
CBD - Raffles Place,Yes,18 Robinson,18 Robinson Road Singapore 048547,Office,#11-01,6500.00,13.50,87750.00
Bugis Rochor,No,Parkview Square,600 North Bridge Road Singapore 188778,Office,TBA,15420.00,10.00,154200.00
CBD - Raffles Place,No,18 Robinson,18 Robinson Road Singapore 048547,Office,#03-01A,678.00,15.00,10170.00
Harbourfront,Yes,Mapletree Business City - Block 80,80 Pasir Panjang Road Singapore 117372,Office,#13-81.84,31765.00,7.50,238237.50
Harbourfront,Yes,Mapletree Business City - Block 80,80 Pasir Panjang Road Singapore 117372,Office,#12-81.84,31765.00,7.50,238237.50
CBD - Shenton Way,No,135 Cecil Street,135 Cecil Street Singapore 069536,Office,#12-01,6511.00,7.40,48181.40
Bukit Timah Road,No,Boon Siew Building,75 Bukit Timah Road Singapore 229833,Office,#05-17.26,974.00,5.50,5357.00
CBD - Shenton Way,No,135 Cecil Street,135 Cecil Street Singapore 069536,Office,#06-01,2292.70,7.30,16736.71
CBD - City Hall,Yes,Raffles City Tower,250 North Bridge Road Singapore 179101,Office,#05-03,1022.58,13.50,13804.83
North,No,Admirax,8 Admiralty Street Singapore 757438,Office,#04-11,8729.60,2.50,21824.00
CBD - Shenton Way,Yes,80 Robinson Road,80 Robinson Road Singapore 068898,Office,#21-01,3186.00,8.50,27081.00
CBD - Shenton Way,No,71 Robinson Road,71 Robinson Road Singapore 068895,Office,#06-04,4844.00,10.00,48440.00
CBD - Shenton Way,No,80 Robinson Road,80 Robinson Road Singapore 068898,Office,#22-01.01A,3197.00,8.50,27174.50
CBD - Shenton Way,Yes,80 Robinson Road,80 Robinson Road Singapore 068898,Office,#23-01,2390.00,8.50,20315.00
CBD - City Hall,Yes,Raffles City Tower,250 North Bridge Road Singapore 179101,Office,#09-01.04,10710.18,13.50,144587.43
CBD - Shenton Way,No,SGX Centre 1,2 Shenton Way Singapore 068804,Office,#16-02,4079.00,9.50,38750.50
CBD - Shenton Way,No,SGX Centre 2,4 Shenton Way Singapore 068807,Office,#14-02,800.00,9.50,7600.00
CBD - Shenton Way,Yes,SGX Centre 2,4 Shenton Way Singapore 068807,Office,#15-06,1231.00,9.50,11694.50
CBD - Shenton Way,No,SGX Centre 2,4 Shenton Way Singapore 068807,Office,#25-01,1165.00,9.50,11067.50
CBD - Raffles Place,No,Singapore Land Tower,50 Raffles Place Singapore 048623,Office,#08-01.02,5188.00,13.50,70038.00
CBD - Raffles Place,Yes,Singapore Land Tower,50 Raffles Place Singapore 048623,Office,#13-02.04,6463.00,13.50,87250.50
CBD - Raffles Place,Yes,Singapore Land Tower,50 Raffles Place Singapore 048623,Office,#14-03.05,6262.00,13.50,84537.00
CBD - Raffles Place,Yes,Singapore Land Tower,50 Raffles Place Singapore 048623,Office,#15-03,2204.00,13.50,29754.00
CBD - Raffles Place,No,Singapore Land Tower,50 Raffles Place Singapore 048623,Office,#34-06,3132.00,13.50,42282.00
CBD - Shenton Way,No,Keck Seng Tower,133 Cecil Street Singapore 069535,Office,#06-02,1938.00,7.00,13566.00
CBD - Raffles Place,Yes,Republic Plaza 1,9 Raffles Place Singapore 048619,Office,#29-02,3380.00,12.50,42250.00
CBD - Raffles Place,Yes,Republic Plaza 1,9 Raffles Place Singapore 048619,Office,#23-03,2454.00,12.50,30675.00
CBD - Raffles Place,Yes,Republic Plaza 1,9 Raffles Place Singapore 048619,Office,#17-05,2002.00,12.50,25025.00
Beach Road,No,Gateway East,152 Beach Road Singapore 189721,Office,#25-01.04,6359.00,9.00,57231.00
East,No,Geylang Road Shophouses,722 Geylang Road Singapore 389633,Office,722B #03,1066.00,3.50,3731.00
Beach Road,No,Gateway East,152 Beach Road Singapore 189721,Office,#31-06.08,3201.00,9.00,28809.00
River Valley,No,Kings Centre,390 Havelock Road Singapore 169662,Office,#07-01,2250.00,8.50,19125.00
CBD - Raffles Place,No,CapitaGreen,138 Market Street Singapore 048946,Office,#16-01,2048.00,13.00,26624.00
CBD - Raffles Place,No,CapitaGreen,138 Market Street Singapore 048946,Office,#16-03,2379.00,13.00,30927.00
CBD - Raffles Place,Yes,CapitaGreen,138 Market Street Singapore 048946,Office,#16-04.04A,3392.00,13.00,44096.00
CBD - Raffles Place,Yes,One Finlayson Green,1 Finlayson Green Singapore 049246,Office,#12-01,3251.00,8.80,28608.80
CBD - Raffles Place,No,One Finlayson Green,1 Finlayson Green Singapore 049246,Office,#09-01,2153.00,8.80,18946.40
CBD - Raffles Place,Yes,One Finlayson Green,1 Finlayson Green Singapore 049246,Office,#07-01,3251.00,8.80,28608.80
East,No,Geylang Road Shophouses,726A Geylang Road Singapore 389637,Office,726B #03,1066.00,3.50,3731.00
CBD - Raffles Place,Yes,Republic Plaza 1,9 Raffles Place Singapore 048619,Office,#23-02.03,3929.00,12.50,49112.50
CBD - Raffles Place,No,CapitaGreen,138 Market Street Singapore 048946,Office,#22-01.04,22271.00,13.00,289523.00
Novena.Newton,No,Goldbell Towers,47 Scotts Road Singapore 228233,Office,#02-01,731.00,12.80,9356.80
Novena.Newton,No,Goldbell Towers,47 Scotts Road Singapore 228233,Office,#05-02,1571.00,9.50,14924.50
Novena.Newton,No,Goldbell Towers,47 Scotts Road Singapore 228233,Office,#13-04,1672.00,9.50,15884.50
Novena.Newton,No,Goldbell Towers,47 Scotts Road Singapore 228233,Office,#B1,3500.00,12.80,44800.00
CBD - Raffles Place,Yes,CapitaGreen,138 Market Street Singapore 048946,Office,#32-03,3526.00,13.00,45838.00
Bugis Rochor,No,The Bencoolen,180 Bencoolen Street Singapore 189646,Office,#07-05,754.00,5.20,3920.80
CBD - Raffles Place,Yes,Republic Plaza 1,9 Raffles Place Singapore 048619,Office,#21-04,1647.00,12.50,20587.50
CBD - Raffles Place,No,Republic Plaza 1,9 Raffles Place Singapore 048619,Office,#22-05A,1410.00,12.50,17625.00
CBD - Raffles Place,Yes,Republic Plaza 1,9 Raffles Place Singapore 048619,Office,#23-02,1496.00,12.50,18700.00
CBD - Shenton Way,Yes,Keck Seng Tower,133 Cecil Street Singapore 069535,Office,#05-02,543.00,5.50,2986.50
Novena.Newton,No,SLF Building,510 Thomson Road Singapore 298135,Office,#15-01.02,4201.42,5.00,21007.10
One-North,Yes,The Metropolis Tower 2,11 North Buona Vista Drive Singapore 138589,Office,#15-07.10,27739.00,9.20,255198.80
Orchard Road,No,Forum,583 Orchard Road Singapore 238884,Office,#16-02,4421.31,6.50,28738.52
CBD - Tanjong Pagar,No,Guoco Tower,1 Wallich Street Singapore 078881,Office,#07-01,13487.00,14.00,188818.00
CBD - Tanjong Pagar,No,Guoco Tower,1 Wallich Street Singapore 078881,Office,#25-01A,4908.00,14.00,68712.00
CBD - Tanjong Pagar,No,Guoco Tower,1 Wallich Street Singapore 078881,Office,#09-03,1453.00,14.00,20342.00
CBD - Raffles Place,No,Republic Plaza 1,9 Raffles Place Singapore 048619,Office,#48,8956.00,12.50,111950.00
CBD - Raffles Place,No,Republic Plaza 1,9 Raffles Place Singapore 048619,Office,#46,9612.00,12.50,120150.00
CBD - Raffles Place,Yes,Republic Plaza 1,9 Raffles Place Singapore 048619,Office,#44-02,4898.00,13.50,66123.00
CBD - Raffles Place,Yes,PLUS,20 Cecil Street Singapore 049705,Office,#10-03.04,2303.00,12.50,28787.50
CBD - Raffles Place,Yes,PLUS,20 Cecil Street Singapore 049705,Office,#10-01.02.10,1341.00,12.50,16762.50
CBD - Raffles Place,No,PLUS,20 Cecil Street Singapore 049705,Office,#07-10,786.00,12.50,9825.00
CBD - City Hall,Yes,Peninsula Plaza,111 North Bridge Road Singapore 179098,Office,#21-02,1486.00,6.20,9213.20
CBD - Shenton Way,Yes,SIF Building,96 Robinson Road Singapore 068899,Office,#12-04,987.00,9.20,9080.40
CBD - Raffles Place,No,Collyer Quay Centre,16 Collyer Quay Singapore 049318,Office,#22-01,1700.00,10.50,11550.00
CBD - Raffles Place,No,Collyer Quay Centre,16 Collyer Quay Singapore 049318,Office,#02-12,1158.21,15.00,17373.15
CBD - City Hall,No,Peninsula Plaza,111 North Bridge Road Singapore 179098,Office,#27-03,2175.00,6.50,14137.50
One-North,No,The Metropolis Tower 1,9 North Buona Vista Drive Singapore 138588,Office,#04-05.06,9171.00,9.20,84373.20
One-North,No,The Metropolis Tower 1,9 North Buona Vista Drive Singapore 138588,Office,#04-03.04,4166.00,9.20,38327.20
One-North,No,The Metropolis Tower 1,9 North Buona Vista Drive Singapore 138588,Office,#04-03.04.05.06,14000.00,9.20,128800.00
One-North,No,The Metropolis Tower 1,9 North Buona Vista Drive Singapore 138588,Office,#11-04.06,11754.00,9.20,108136.80
One-North,No,The Metropolis Tower 1,9 North Buona Vista Drive Singapore 138588,Office,#15-04.06,11808.00,9.20,108633.60
One-North,No,The Metropolis Tower 1,9 North Buona Vista Drive Singapore 138588,Office,#20-05.06,7804.00,9.20,71796.80
One-North,Yes,The Metropolis Tower 2,11 North Buona Vista Drive Singapore 138589,Office,#14-07,2207.00,9.20,20304.40
Novena.Newton,No,United Square - Office Tower,101 Thomson Road Singapore 307591,Office,#13-03,3455.00,8.80,30404.00
CBD - Shenton Way,Yes,SIF Building,96 Robinson Road Singapore 068899,Office,#13-01,1309.00,9.20,12042.80
CBD - Raffles Place,No,Republic Plaza 1,9 Raffles Place Singapore 048619,Office,#16-04,1668.00,12.50,20850.00
CBD - Tanjong Pagar,Yes,Hub Synergy Point,70 Anson Road Singapore 079905,Office,#09-02,2668.00,8.00,21344.00
CBD - Raffles Place,No,Republic Plaza 1,9 Raffles Place Singapore 048619,Office,#14-04,1169.00,12.50,14612.50
CBD - Raffles Place,Yes,Republic Plaza 2,9 Raffles Place Singapore 048619,Office,#14,9688.00,11.00,106568.00
Novena.Newton,No,SLF Building,510 Thomson Road Singapore 298135,Office,#12-01,936.00,5.00,4680.00
CBD - Tanjong Pagar,Yes,Hub Synergy Point,70 Anson Road Singapore 079905,Office,#20-01,7233.00,9.00,65097.00
CBD - Tanjong Pagar,Yes,Hub Synergy Point,70 Anson Road Singapore 079905,Office,#17-01,7233.00,9.00,65097.00
CBD - Tanjong Pagar,Yes,Hub Synergy Point,70 Anson Road Singapore 079905,Office,#16-01,7233.00,9.00,65097.00
CBD - Tanjong Pagar,Yes,Hub Synergy Point,70 Anson Road Singapore 079905,Office,#15-01,3560.00,9.00,32040.00
CBD - Tanjong Pagar,Yes,Hub Synergy Point,70 Anson Road Singapore 079905,Office,#14-01,3560.00,9.00,32040.00
CBD - Tanjong Pagar,Yes,Hub Synergy Point,70 Anson Road Singapore 079905,Office,#13-01,3560.00,9.00,32040.00
CBD - Tanjong Pagar,Yes,Hub Synergy Point,70 Anson Road Singapore 079905,Office,#08-02,2668.00,8.00,21344.00
CBD - Raffles Place,No,Hong Leong Building,16 Raffles Quay Singapore 048581,Office,#15-03,2532.00,9.50,19019.00
CBD - Tanjong Pagar,Yes,Hub Synergy Point,70 Anson Road Singapore 079905,Office,#07-02,2668.00,8.00,21344.00
CBD - Raffles Place,Yes,Collyer Quay Centre,16 Collyer Quay Singapore 049318,Office,#32-01,3412.19,10.50,35828.00
CBD - Raffles Place,No,Collyer Quay Centre,16 Collyer Quay Singapore 049318,Office,#30-01,3003.16,10.50,31533.18
CBD - Raffles Place,No,Collyer Quay Centre,16 Collyer Quay Singapore 049318,Office,#24-03.04,2787.87,11.00,30666.57
CBD - Raffles Place,No,Collyer Quay Centre,16 Collyer Quay Singapore 049318,Office,#22-01A,1100.00,10.50,17167.50
CBD - Shenton Way,No,SIF Building,96 Robinson Road Singapore 068899,Office,#17-01,1309.00,9.20,12042.80
CBD - Shenton Way,Yes,SIF Building,96 Robinson Road Singapore 068899,Office,#14-04,987.00,9.20,9080.40
CBD - Shenton Way,Yes,SIF Building,96 Robinson Road Singapore 068899,Office,#14-01,1309.00,9.20,12042.80
CBD - Raffles Place,No,Hong Leong Building,16 Raffles Quay Singapore 048581,Office,#44-03,2002.00,9.50,19019.00
CBD - Raffles Place,No,Hong Leong Building,16 Raffles Quay Singapore 048581,Office,#39-01B,571.00,9.50,19019.00
CBD - Shenton Way,No,61 Robinson,61 Robinson Road Singapore 068893,Office,TBA,9214.00,11.00,101354.00
CBD - Raffles Place,No,6 Battery Road,6 Battery Road Singapore 049909,Office,#20-01,4951.00,13.50,66838.50
Novena.Newton,Yes,United Square - Office Tower,101 Thomson Road Singapore 307591,Office,#10-01,1696.00,8.80,14924.80
North,No,Admirax,8 Admiralty Street Singapore 757438,Office,#03-01,3966.53,2.50,9916.33
Bukit Timah Road,No,Boon Siew Building,75 Bukit Timah Road Singapore 229833,Office,#05-13,1104.00,5.70,6292.80
Bukit Timah Road,No,Boon Siew Building,75 Bukit Timah Road Singapore 229833,Office,#05-04,925.00,6.00,5550.00
Bukit Timah Road,Yes,Boon Siew Building,75 Bukit Timah Road Singapore 229833,Office,#03-07,646.00,5.50,3553.00
Bukit Timah Road,Yes,Boon Siew Building,75 Bukit Timah Road Singapore 229833,Office,#03-06,616.00,5.50,3388.00
Bukit Timah Road,No,Boon Siew Building,75 Bukit Timah Road Singapore 229833,Office,#02-01.02,332.10,6.00,1992.60
North,No,Admirax,8 Admiralty Street Singapore 757438,Office,#04-07,1797.59,2.50,4493.98
North,No,Admirax,8 Admiralty Street Singapore 757438,Office,#04-05,1765.30,2.50,4413.25
North,No,Admirax,8 Admiralty Street Singapore 757438,Office,#04-01.02.03,18600.19,2.50,46500.48
North,No,Admirax,8 Admiralty Street Singapore 757438,Office,#03-04.15,17760.60,2.50,44401.50
North,No,Admirax,8 Admiralty Street Singapore 757438,Office,#03-03,10161.22,2.50,25403.05
North,No,Admirax,8 Admiralty Street Singapore 757438,Office,#02-07,9752.18,2.80,27306.10
Novena.Newton,No,United Square - Office Tower,101 Thomson Road Singapore 307591,Office,#09-02,797.00,8.80,7013.60
CBD - Tanjong Pagar,No,Anson House,72 Anson Road Singapore 079911,Office,#12-01,2583.36,9.50,24541.92
Orchard Road,No,Visioncrest Commercial,103 Penang Road Singapore 238467,Office,TBA,3152.00,9.00,28368.00
CBD - Raffles Place,Yes,One Raffles Place Tower 1,1 Raffles Place Singapore 048616,Office,#32-03,291.00,12.00,3492.00
CBD - Raffles Place,No,Capital Square 2,21 Church Street Singapore 049480,Office,#02-01,2433.00,8.00,19464.00
CBD - Promenade,No,Millenia Tower,1 Temasek Avenue Singapore 039192,Office,TBA,4000.00,16.00,64000.00
CBD - Downtown,No,One Raffles Quay North Tower,1 Raffles Quay Singapore 048583,Office,#10-03,2949.00,14.00,41286.00
CBD - Raffles Place,Yes,One Raffles Place Tower 1,1 Raffles Place Singapore 048616,Office,#60-00,6017.00,13.00,78221.00
CBD - Raffles Place,Yes,One Raffles Place Tower 1,1 Raffles Place Singapore 048616,Office,#54-00,4876.00,13.00,63388.00
CBD - Raffles Place,No,One Raffles Place Tower 1,1 Raffles Place Singapore 048616,Office,#44-03,3886.00,12.00,46632.00
CBD - Raffles Place,No,One Raffles Place Tower 1,1 Raffles Place Singapore 048616,Office,#44-01A,2110.00,12.00,25320.00
CBD - Raffles Place,No,One Raffles Place Tower 1,1 Raffles Place Singapore 048616,Office,#34-03,2034.00,12.00,24408.00
CBD - Raffles Place,No,One Raffles Place Tower 2,1 Raffles Place Singapore 048616,Office,#38-61,4359.00,13.00,56667.00
CBD - Tanjong Pagar,No,Anson House,72 Anson Road Singapore 079911,Office,#12-03,2486.48,9.50,23621.56
CBD - Raffles Place,No,One Raffles Place Tower 2,1 Raffles Place Singapore 048616,Office,#30-61,4015.00,13.00,52195.00
CBD - Raffles Place,No,One Raffles Place Tower 2,1 Raffles Place Singapore 048616,Office,#27-61A,1798.00,13.00,23374.00
CBD - Raffles Place,No,One Raffles Place Tower 1,1 Raffles Place Singapore 048616,Office,#27-01.02,5489.00,12.00,65868.00
CBD - Raffles Place,Yes,One Raffles Place Tower 1,1 Raffles Place Singapore 048616,Office,#26-03,291.00,12.00,3492.00
CBD - Raffles Place,Yes,One Raffles Place Tower 2,1 Raffles Place Singapore 048616,Office,#20-61.62,3627.00,13.00,47151.00
CBD - Raffles Place,No,One Raffles Place Tower 2,1 Raffles Place Singapore 048616,Office,#19-61,10689.00,13.00,138957.00
CBD - Raffles Place,Yes,One Raffles Place Tower 1,1 Raffles Place Singapore 048616,Office,#23-01,1625.00,12.00,19500.00
CBD - Raffles Place,Yes,One Raffles Place Tower 1,1 Raffles Place Singapore 048616,Office,#19-01,2992.00,12.00,35904.00
CBD - Raffles Place,No,One Raffles Place Tower 2,1 Raffles Place Singapore 048616,Office,#10-62,4198.00,13.00,54574.00
CBD - Tanjong Pagar,No,Amara Corporate Tower,165 Tanjong Pagar Road Singapore 088539,Office,#09-02,743.00,15.00,11145.00
CBD - Tanjong Pagar,No,Amara Corporate Tower,165 Tanjong Pagar Road Singapore 088539,Office,#10-01,2000.00,13.00,26000.00
CBD - Tanjong Pagar,Yes,ABI Plaza,11 Keppel Road Singapore 089057,Office,#07-00,12433.00,8.50,105680.50
Bugis Rochor,No,Lazada One,51 Bras Basah Road Singapore 189554,Office,#02-01.02,5027.00,10.00,50270.00
CBD - Shenton Way,No,CapitaSky,79 Robinson Road Singapore 068897,Office,TBA,13200.00,13.00,171600.00
Orchard Road,No,Visioncrest Commercial,103 Penang Road Singapore 238467,Office,TBA,1854.00,9.00,16686.00
CBD - Tanjong Pagar,Yes,ABI Plaza,11 Keppel Road Singapore 089057,Office,#06-04,1970.00,8.50,16745.00
CBD - Downtown,No,Marina Bay Financial Centre Tower 3,12 Marina Boulevard Singapore 018982,Office,#37-02,19085.00,14.00,267190.00
CBD - Tanjong Pagar,Yes,ABI Plaza,11 Keppel Road Singapore 089057,Office,#06-03,2927.00,8.50,24879.50
CBD - Tanjong Pagar,Yes,ABI Plaza,11 Keppel Road Singapore 089057,Office,#01-01,3723.00,8.50,31645.50
CBD - Downtown,Yes,Marina Bay Financial Centre Tower 3,12 Marina Boulevard Singapore 018982,Office,#32-03,6684.00,14.00,93576.00
CBD - Downtown,No,Marina Bay Financial Centre Tower 3,12 Marina Boulevard Singapore 018982,Office,#19-03,9042.00,14.00,126588.00
CBD - Promenade,No,Suntec Tower Two,9 Temasek Boulevard Singapore 038989,Office,TBA,3961.00,11.50,45551.50
Bugis Rochor,No,Lazada One,51 Bras Basah Road Singapore 189554,Office,#07-08,1830.00,10.00,18300.00
CBD - Downtown,No,Marina Bay Financial Centre Tower 3,12 Marina Boulevard Singapore 018982,Office,#19-01,5942.00,14.00,83188.00
Bugis Rochor,No,Lazada One,51 Bras Basah Road Singapore 189554,Office,#08-04.06,9494.00,10.00,94940.00
Bugis Rochor,No,North Bridge Centre,420 North Bridge Road Singapore 188727,Office,#03-40,603.00,6.30,3798.90
CBD - Downtown,No,Marina Bay Financial Centre Tower 3,12 Marina Boulevard Singapore 018982,Office,#18-06,2433.00,14.00,34062.00
CBD - Downtown,No,Marina Bay Financial Centre Tower 2,10 Marina Boulevard Singapore 018983,Office,#15-02A,2088.00,14.00,29232.00
Bugis Rochor,No,North Bridge Centre,420 North Bridge Road Singapore 188727,Office,#01-04,667.00,11.84,7900.00
Bugis Rochor,No,North Bridge Centre,420 North Bridge Road Singapore 188727,Office,#04-07,431.00,6.50,2801.50
Novena.Newton,No,United Square - Office Tower,101 Thomson Road Singapore 307591,Office,#24-01.05,9537.00,8.80,83925.60
CBD - Shenton Way,No,City House,36 Robinson Road Singapore 068877,Office,#09-03.04,1905.00,8.80,16764.00
CBD - Shenton Way,No,City House,36 Robinson Road Singapore 068877,Office,#08-01.06,7535.00,8.80,66308.00
CBD - Shenton Way,No,61 Robinson,61 Robinson Road Singapore 068893,Office,#13-01,1830.00,11.00,20130.00
CBD - City Hall,Yes,FUNAN Tower 1,109 North Bridge Road Singapore 179097,Office,#09-21.29,10947.00,13.00,142311.00
CBD - City Hall,No,FUNAN Tower 1,109 North Bridge Road Singapore 179097,Office,#07-35,710.42,13.00,9235.46
CBD - Raffles Place,No,Boat Quay Shophouses,78 Circular Road Singapore 049432,Office,78 #03-01,1324.00,5.00,6620.00
Novena.Newton,No,United Square - Office Tower,101 Thomson Road Singapore 307591,Office,#17-05,2174.00,8.80,19131.20
One-North,Yes,Elementum,1 North Buona Vista Link Singapore 139691,Office,#12-02,1776.00,8.20,14563.20
One-North,Yes,Elementum,1 North Buona Vista Link Singapore 139691,Office,#12-01,3025.00,8.20,24805.00
CBD - Raffles Place,No,Royal Group Building,3 Phillip Street Singapore 048693,Office,#09-05,1600.00,9.50,15200.00
CBD - Raffles Place,No,Royal Group Building,3 Phillip Street Singapore 048693,Office,#14-02,807.00,9.50,7666.50
Bugis Rochor,No,Bugis Village Shophouses,63 Queen Street Singapore 188542,Office,63A #02,2121.00,5.00,10605.00
CBD - Shenton Way,No,CapitaSky,79 Robinson Road Singapore 068897,Office,#09-01.10,25119.00,13.00,326547.00
CBD - Downtown,No,Asia Square Tower 2,12 Marina View Singapore 018961,Office,#20-01,4884.00,13.50,65934.00
Bugis Rochor,No,Bugis Village Shophouses,62 Queen Street Singapore 188541,Office,62B #03,936.00,7.00,6552.00
CBD - Shenton Way,Yes,CapitaSky,79 Robinson Road Singapore 068897,Office,#08-01.10,4523.00,13.00,58799.00
Bugis Rochor,No,Bugis Village Shophouses,233 Victoria Street Singapore 188026,Office,233B #03,926.00,7.00,6482.00
CBD - Raffles Place,Yes,CapitaGreen,138 Market Street Singapore 048946,Office,#07-01,5338.00,13.00,69394.00
Bugis Rochor,No,Bugis Village Shophouses,231 Victoria Street Singapore 188025,Office,231B #03,926.00,7.00,6482.00
CBD - Shenton Way,No,CapitaSky,79 Robinson Road Singapore 068897,Office,#08-02.06,12382.00,13.00,160966.00
CBD - Raffles Place,No,Boat Quay Shophouses,76 Circular Road Singapore 049430,Office,76 #02-01,1313.00,5.00,6565.00
CBD - Downtown,No,Asia Square Tower 2,12 Marina View Singapore 018961,Office,#25-04,8717.00,13.50,117679.50
CBD - Shenton Way,No,CapitaSky,79 Robinson Road Singapore 068897,Office,#13-01.10,25300.00,13.00,328900.00
CBD - Raffles Place,Yes,CapitaGreen,138 Market Street Singapore 048946,Office,#03-06,2718.00,13.00,35334.00
Orchard Road,No,Forum,583 Orchard Road Singapore 238884,Office,#07-01,1668.42,7.00,11678.94
CBD - Downtown,Yes,Asia Square Tower 2,12 Marina View Singapore 018961,Office,#19-02,5427.00,13.50,73264.50
CBD - Raffles Place,No,Royal Group Building,3 Phillip Street Singapore 048693,Office,#08-04,2325.00,9.50,22087.50
CBD - Downtown,No,Asia Square Tower 2,12 Marina View Singapore 018961,Office,#18-02,5000.00,13.50,67500.00
CBD - Raffles Place,No,6 Battery Road,6 Battery Road Singapore 049909,Office,#18-05,3843.00,13.50,51880.50
Bugis Rochor,No,Bugis Village Shophouses,64 Queen Street Singapore 188543,Office,64B #03,1378.00,6.00,8268.00
CBD - Raffles Place,No,6 Battery Road,6 Battery Road Singapore 049909,Office,#21-01,4962.00,13.50,66987.00
CBD - Raffles Place,Yes,6 Battery Road,6 Battery Road Singapore 049909,Office,#24-02A,2756.00,13.50,37206.00
Orchard Road,No,Forum,583 Orchard Road Singapore 238884,Office,#16-01,4667.00,6.50,30335.50
CBD - Raffles Place,No,6 Battery Road,6 Battery Road Singapore 049909,Office,#29-04,4833.00,13.50,65245.50
CBD - Downtown,No,Asia Square Tower 2,12 Marina View Singapore 018961,Office,#18-01,3745.00,13.50,50557.50
CBD - Raffles Place,Yes,6 Battery Road,6 Battery Road Singapore 049909,Office,#39-04,4058.00,13.50,54783.00
CBD - Shenton Way,No,CapitaSky,79 Robinson Road Singapore 068897,Office,#11-01.10,25578.00,13.00,332514.00
CBD - Shenton Way,No,CapitaSky,79 Robinson Road Singapore 068897,Office,#10-01.10,25119.00,13.00,326547.00
Bugis Rochor,No,Bugis Village Shophouses,63 Queen Street Singapore 188542,Office,63B #03,2056.00,5.00,10280.00
One-North,Yes,Elementum,1 North Buona Vista Link Singapore 139691,Office,#12-03,2616.00,8.20,21451.20
CBD - Tanjong Pagar,No,Guoco Tower,1 Wallich Street Singapore 078881,Office,#15-01,18331.00,14.00,256634.00
One-North,No,The Metropolis Tower 2,11 North Buona Vista Drive Singapore 138589,Office,#16-07,16824.00,9.20,154780.80
CBD - Raffles Place,No,Samsung Hub,3 Church Street Singapore 049483,Office,#24-04,3358.37,10.50,35262.89
CBD - Raffles Place,No,Republic Plaza 1,9 Raffles Place Singapore 048619,Office,#30-04,1346.00,12.50,16825.00
CBD - Raffles Place,No,Republic Plaza 1,9 Raffles Place Singapore 048619,Office,#34-01,6092.00,12.50,76150.00
CBD - Raffles Place,No,Republic Plaza 1,9 Raffles Place Singapore 048619,Office,#34-01A.02,10818.00,12.50,135225.00
CBD - Raffles Place,No,Republic Plaza 1,9 Raffles Place Singapore 048619,Office,#34-01A.02b,4208.00,12.50,52600.00
CBD - Raffles Place,No,Royal One Phillip,1 Phillip Street Singapore 048692,Office,#14-00,2659.00,9.50,25260.50
CBD - Raffles Place,Yes,Royal One Phillip,1 Phillip Street Singapore 048692,Office,#07-00,2971.00,9.50,28224.50
CBD - Raffles Place,Yes,Samsung Hub,3 Church Street Singapore 049483,Office,#15-03,3875.04,10.50,40687.92
CBD - Raffles Place,Yes,Samsung Hub,3 Church Street Singapore 049483,Office,#23-02.03.04,6845.90,10.50,71881.95
CBD - Raffles Place,Yes,Samsung Hub,3 Church Street Singapore 049483,Office,#24-02,861.00,10.50,9040.50
CBD - Shenton Way,Yes,SGX Centre 2,4 Shenton Way Singapore 068807,Office,#14-01,960.00,9.50,9120.00
CBD - Raffles Place,No,Republic Plaza 1,9 Raffles Place Singapore 048619,Office,#25-01A,2228.00,12.50,27850.00
CBD - Clarke Quay,Yes,Havelock II,2 Havelock Road Singapore 059763,Office,#07-06,1087.00,8.00,8696.00
Beach Road,No,Beach Road Shophouses,723 North Bridge Road Singapore 198691,Office,723A #02,1501.00,6.33,9500.00
CBD - Tanjong Pagar,No,ABI Plaza,11 Keppel Road Singapore 089057,Office,#09,3014.00,8.50,25619.00
CBD - Downtown,Yes,One Raffles Quay North Tower,1 Raffles Quay Singapore 048583,Office,#30-03,2487.00,14.00,34818.00
Orchard Road,Yes,Visioncrest Commercial,103 Penang Road Singapore 238467,Office,TBA,14478.00,9.00,130302.00
CBD - Tanjong Pagar,No,Anson House,72 Anson Road Singapore 079911,Office,#05-01,1292.00,9.30,12015.60
CBD - Shenton Way,No,Amoy Street Shophouses,41 Amoy Street Singapore 069867,Office,41B #03,1200.00,5.75,6900.00
CBD - Shenton Way,Yes,SGX Centre 1,2 Shenton Way Singapore 068804,Office,#08-01,2918.00,9.00,26262.00
Beach Road,No,Gateway East,152 Beach Road Singapore 189721,Office,TBA,3100.00,9.00,27900.00
CBD - Promenade,No,Suntec Tower Four,6 Temasek Boulevard Singapore 038986,Office,#13-01.05,13928.00,11.00,153208.00
CBD - Shenton Way,No,SBF Centre,160 Robinson Road Singapore 068914,Office,#24-08,947.00,10.00,9470.00
CBD - Raffles Place,No,Samsung Hub,3 Church Street Singapore 049483,Office,#10,3000.00,10.50,31500.00
East,No,ARC 380,380 Jalan Besar Singapore 209000,Office,#11-02,700.00,7.00,4900.00
CBD - Shenton Way,No,SGX Centre 2,4 Shenton Way Singapore 068807,Office,TBA,4800.00,9.50,45600.00
CBD - Raffles Place,No,Samsung Hub,3 Church Street Singapore 049483,Office,#10-01.04,6000.00,10.50,63000.00
River Valley,No,Valley Point Office Tower,491 River Valley Road Singapore 248371,Office,TBA,10366.00,7.50,77745.00
CBD - Tanjong Pagar,No,Craig Road Shophouses,42 Craig Road Singapore 089680,Office,42A #02-01,1360.00,8.46,11500.00
CBD - Raffles Place,No,Capital Square 3,25 Church Street Singapore 049482,Office,#03-04,2799.00,8.00,22392.00
CBD - Raffles Place,No,Capital Square 3,25 Church Street Singapore 049482,Office,#03-01,2960.00,8.00,23680.00
CBD - Raffles Place,No,Capital Square 3,25 Church Street Singapore 049482,Office,#02-01A.B,2056.00,8.00,16448.00
CBD - Tanjong Pagar,No,ABI Plaza,11 Keppel Road Singapore 089057,Office,#10-04,3622.00,8.50,30787.00
CBD - Downtown,No,One Raffles Quay South Tower,1 Raffles Quay Singapore 048583,Office,#27-12,3240.00,14.00,45360.00
CBD - Downtown,No,One Raffles Quay North Tower,1 Raffles Quay Singapore 048583,Office,#23-05,3574.00,14.00,50036.00
CBD - Raffles Place,Yes,Capital Square,23 Church Street Singapore 049481,Office,#14-07.09,5641.00,12.00,67692.00
CBD - Tanjong Pagar,No,Tras Street Shophouses,52 Tras Street Singapore 078991,Office,52 #02-01,1365.00,8.35,11397.75
CBD - Tanjong Pagar,No,Tras Street Shophouses,50 Tras Street Singapore 078989,Office,50A #03-02,575.00,8.35,4800.00
CBD - Clarke Quay,No,Hong Kong Street Buildings,45 Hongkong Street Singapore 059683,Office,#05-01,985.00,8.10,7980.00
Harbourfront,No,Keppel Bay Tower,1 Harbourfront Avenue Singapore 098632,Office,#16-03.04,4714.00,9.00,42426.00
CBD - Clarke Quay,No,Hong Kong Street Buildings,45 Hongkong Street Singapore 059683,Office,#06-01,985.00,8.10,7980.00
CBD - Downtown,No,Asia Square Tower 1,8 Marina View Singapore 018960,Office,TBA,2818.00,14.00,39452.00
East,No,Geylang Road Shophouses,587 Geylang Road Singapore 389526,Office,587B #03-01,726.00,5.37,3900.00
Chinatown,No,CES Centre,171 Chin Swee Road Singapore 169877,Office,#04-05,1421.00,5.80,8241.80
CBD - Clarke Quay,No,Hong Kong Street Buildings,45 Hongkong Street Singapore 059683,Office,#04-01,1425.00,8.10,11545.00
Chinatown,No,CES Centre,171 Chin Swee Road Singapore 169877,Office,#05-05,1421.00,5.80,8241.80
Chinatown,No,CES Centre,171 Chin Swee Road Singapore 169877,Office,#05-05.06,2067.00,5.80,11988.60
Chinatown,No,CES Centre,171 Chin Swee Road Singapore 169877,Office,#05-06,646.00,5.80,3746.80
Chinatown,No,CES Centre,171 Chin Swee Road Singapore 169877,Office,#10-09,786.00,5.80,4558.80
Chinatown,No,CES Centre,171 Chin Swee Road Singapore 169877,Office,#11,9278.00,5.80,53812.40
Chinatown,No,CES Centre,171 Chin Swee Road Singapore 169877,Office,#12,9257.00,5.80,53690.60
CBD - Shenton Way,No,City House,36 Robinson Road Singapore 068877,Office,#18,7535.00,8.80,66308.00
East,No,Geylang Road Shophouses,587 Geylang Road Singapore 389526,Office,587A #02-01,712.00,5.34,3800.00
CBD - Clarke Quay,No,Hong Kong Street Buildings,45 Hongkong Street Singapore 059683,Office,#03-01,1445.00,8.10,11705.00
CBD - Raffles Place,No,Republic Plaza 1,9 Raffles Place Singapore 048619,Office,#60,9171.00,11.00,100881.00
CBD - Promenade,No,Suntec Tower Three,8 Temasek Boulevard Singapore 038988,Office,#08-04,3552.00,11.00,39072.00
CBD - Promenade,No,Suntec Tower One,7 Temasek Boulevard Singapore 038987,Office,#13-01,6878.00,11.00,75658.00
CBD - Clarke Quay,No,The Central - Tower 1,8 Eu Tong Sen Street Singapore 059818,Office,TBA,2659.00,0,0
CBD - Promenade,No,Suntec Tower One,7 Temasek Boulevard Singapore 038987,Office,#26-06,957.00,11.00,10527.00
Chinatown,No,CES Centre,171 Chin Swee Road Singapore 169877,Office,#02-01,1378.00,5.80,7992.40
CBD - Promenade,No,Suntec Tower Three,8 Temasek Boulevard Singapore 038988,Office,#32-01A,1421.00,11.00,15631.00
CBD - Promenade,No,Suntec Tower Three,8 Temasek Boulevard Singapore 038988,Office,#16-01,2605.00,11.00,28655.00
CBD - Promenade,No,Suntec Tower Three,8 Temasek Boulevard Singapore 038988,Office,#24-01,3488.00,11.00,38368.00
CBD - Raffles Place,No,Bank of China Building,4 Battery Road Singapore 049908,Office,#29-00,4198.00,9.60,40300.80
CBD - Clarke Quay,No,Hong Kong Street Buildings,45 Hongkong Street Singapore 059683,Office,#02-01,1430.00,8.10,11585.00
CBD - Raffles Place,No,Bank of China Building,4 Battery Road Singapore 049908,Office,#26-00,4198.00,9.60,40300.80
CBD - Raffles Place,No,Bank of China Building,4 Battery Road Singapore 049908,Office,#25-00,4198.00,9.60,40300.80
CBD - Promenade,No,Suntec Tower Two,9 Temasek Boulevard Singapore 038989,Office,TBA,6351.00,11.50,73036.50
CBD - Promenade,No,Suntec Tower Three,8 Temasek Boulevard Singapore 038988,Office,#07-04,3671.00,11.00,40381.00
Chinatown,No,CES Centre,171 Chin Swee Road Singapore 169877,Office,#02-02,1389.00,5.80,8056.20
Chinatown,No,CES Centre,171 Chin Swee Road Singapore 169877,Office,#03,11905.00,5.80,69049.00
Chinatown,No,CES Centre,171 Chin Swee Road Singapore 169877,Office,#04-02,1432.00,5.80,8305.60
CBD - Tanjong Pagar,No,Anson House,72 Anson Road Singapore 079911,Office,#06-02,1679.18,9.50,15952.21
East,No,ARC 380,380 Jalan Besar Singapore 209000,Office,#13-05,1001.00,7.80,7807.80
CBD - Downtown,No,Marina Bay Financial Centre Tower 2,10 Marina Boulevard Singapore 018983,Office,#08-02,14469.00,14.00,202566.00
East,Yes,CPF Tampines Building,1 Tampines Central 5 Singapore 529508,Office,#08-01,1560.78,6.20,9676.84
CBD - Shenton Way,No,Amoy Street Shophouses,42 Amoy Street Singapore 069868,Office,42 #01,900.00,10.89,9800.00
CBD - Shenton Way,No,Tong Eng Building,101 Cecil Street Singapore 069533,Office,#16-12A,460.00,8.50,3910.00
Beach Road,No,Sultan Plaza,100 Jalan Sultan Singapore 199001,Office,#05-39,495.00,3.33,1650.00
Beach Road,No,Textile Centre,200 Jalan Sultan Singapore 199018,Office,#12-02,883.00,3.60,3178.80
One-North,No,The Metropolis Tower 1,9 North Buona Vista Drive Singapore 138588,Office,#09,29138.00,9.20,268069.60
CBD - Downtown,No,One Raffles Quay North Tower,1 Raffles Quay Singapore 048583,Office,#21-01,2680.00,14.00,37520.00
East,No,CPF Tampines Building,1 Tampines Central 5 Singapore 529508,Office,#08-04,1097.93,6.20,6807.17
East,No,CPF Tampines Building,1 Tampines Central 5 Singapore 529508,Office,#08-03,1431.61,6.20,8875.98
East,No,CPF Tampines Building,1 Tampines Central 5 Singapore 529508,Office,#06-11,1055.00,6.20,6541.00
CBD - Promenade,No,Suntec Tower Four,6 Temasek Boulevard Singapore 038986,Office,TBA,7416.00,11.00,81576.00
CBD - Downtown,No,Marina Bay Financial Centre Tower 1,8 Marina Boulevard Singapore 018981,Office,#04-01,13444.00,14.00,188216.00
CBD - Downtown,No,Marina Bay Financial Centre Tower 1,8 Marina Boulevard Singapore 018981,Office,#06-02,9397.00,14.00,131558.00
CBD - Downtown,No,Marina Bay Financial Centre Tower 2,10 Marina Boulevard Singapore 018983,Office,#24-02,3531.00,14.00,49434.00
CBD - Downtown,No,Marina Bay Financial Centre Tower 2,10 Marina Boulevard Singapore 018983,Office,#39-02,7528.00,14.00,105392.00
CBD - Tanjong Pagar,No,Amara Corporate Tower,165 Tanjong Pagar Road Singapore 088539,Office,#13-02,1033.00,15.00,15495.00
CBD - Downtown,No,Marina Bay Financial Centre Tower 3,12 Marina Boulevard Singapore 018982,Office,TBA,15000.00,14.00,210000.00
CBD - Tanjong Pagar,No,Amara Corporate Tower,165 Tanjong Pagar Road Singapore 088539,Office,#11-01.02.03,4047.00,10.00,40470.00
CBD - Tanjong Pagar,No,Amara Corporate Tower,165 Tanjong Pagar Road Singapore 088539,Office,#09-03,753.00,15.00,11295.00
CBD - Shenton Way,No,Amoy Street Shophouses,43 Amoy Street Singapore 069869,Office,43A #02,1000.00,6.50,6500.00
CBD - Raffles Place,No,Capital Square 2,21 Church Street Singapore 049480,Office,#03-01,2734.00,8.00,21872.00
West,No,CPF Jurong Building,21 Jurong Gateway Road Singapore 608546,Office,#04-03,731.95,5.80,4245.31
Beach Road,No,Beach Road Shophouses,707 North Bridge Road Singapore 198680,Office,707,2250.00,6.22,14000.00
Beach Road,No,Beach Road Shophouses,705 North Bridge Road Singapore 198679,Office,705,2304.00,6.29,14500.00
Orchard Road,No,Tripleone Somerset,111 Somerset Road Singapore 238164,Office,TBA,3412.00,9.50,32414.00
CBD - Raffles Place,Yes,Capital Square,23 Church Street Singapore 049481,Office,#06-08,9774.00,12.00,117288.00
CBD - Promenade,No,Suntec Tower Five,5 Temasek Boulevard Singapore 038985,Office,#04-01A,1023.00,11.00,11253.00
CBD - Promenade,No,Suntec Tower Five,5 Temasek Boulevard Singapore 038985,Office,#11-02,2443.00,11.00,26873.00
CBD - Raffles Place,Yes,Capital Square,23 Church Street Singapore 049481,Office,#10-12.13,2616.00,12.00,31392.00
Novena.Newton,No,Novena Square Tower A,238A Thomson Road Singapore 307684,Office,#12-08.10,4015.00,9.50,38142.50
CBD - Raffles Place,Yes,Capital Square,23 Church Street Singapore 049481,Office,#10-01.06,14036.00,12.00,168432.00
West,No,CPF Jurong Building,21 Jurong Gateway Road Singapore 608546,Office,#02-03,972.20,5.80,5638.76
West,No,CPF Jurong Building,21 Jurong Gateway Road Singapore 608546,Office,#04-04,753.48,5.80,4370.18
CBD - Clarke Quay,No,Havelock II,2 Havelock Road Singapore 059763,Office,#04-11,818.00,8.00,6544.00
CBD - Clarke Quay,No,Havelock II,2 Havelock Road Singapore 059763,Office,#06-20,452.00,8.00,3616.00
CBD - Clarke Quay,No,Havelock II,2 Havelock Road Singapore 059763,Office,#07-02,1593.00,8.00,12744.00
